R;1;7;E;AAGAAADAAAAGAAAADDAAAAGAAAAAAAGAAAGAAAADAAAAGAAAADAAAAAAAAAADAAAAGAAAADAAAAADGAADAADGAADAA;Alfred
R;8;3;E;AAAAGAAADAAAAGAAAADAAAAGAAAAADGAADAAAAGAADDAAAAGAAAAAAAGAAAGAAAADAAAAGAAAADAAADAAAADAAAAAAAAAADAAAAGAAAADAAAAADGAADAAAAAAGAA;MC
R;5;9;E;AAAAAAADAAAAGAAAADAAAAGAAAAAAAGAAGAAAADAADDAAAAGAAAAAAAGAAAGAAAADAAAAGAAAADAAAGAAAADGAADAAA;John
R;7;2;E;GAAAAAAADAAAAGAAAAAAADAAAAGAAAAAGAAAAAAAGAAAGAAAADAAAAGAAAADAAADAAAAGAAADAAAAGAADGAADAAAAGAAAADAAAAAADDAAAAGAAAAAAAGAAAGAAA;Lebon
R;7;1;E;AAAAAAADAAAAAGAAADAAAAGAAAADAGAAAAAAAGAAAAAAAGAAAGAAAADAAAAGAAAADGAAAADAAAAGAAAADGAADAAAA;Labrute
R;2;2;E;AAGAAAAADAAAAGAAAAAAGAAAAAAADAAAAGAAAADAAAAGAAAAADAAAAAAAAAADAAAAGAAAADAAAAADGAADADGAADAAA;Letruand
R;1;1;E;AAAAAGAADAAAAGAAAAAAADAAAAGAAAADAAAAAGAAAAAAAGAAAGAAAADAAAAGAAAADAAAADGAADAAAAGAAAADAAAAA;Shreik
R;4;1;E;AAADAAAADAAAAGAAADGAADAAAAGAAAADAAAAAAAAAADAAAAGAAAADAAAAADGAADAAAAGAAAADAAAAA;Fiona
R;4;7;E;AAAADAAADAAAAGAAGAAAAAGAAAADGAADAAAAGAAAADAAAAGAAAADGAADAAGAAADAAAAGAADGAADAAAAGAAAADAAAAAADDAAAAGAAAAAAAGAAAGAAA;Kokiri
R;9;9;E;AAAAAAAGAAADAAAAGAADGAADAAAAGAAAADAAAAAADDAAAAGAAAAAAAGAAAGAAAADAAAAGAAAADAAADGAADAAAAGAAAA;Zora
